component,n_base_predicates,n_novel_predicates,base_train_instances
stand,5,4,4676
right,11,1,4130
left,11,1,4124
walk,6,5,4001
front,11,1,3369
behind,8,4,3022
move,6,5,1974
stop,4,4,1549
sit,4,4,1508
next_to,6,6,1342
with,5,4,1254
larger,1,0,1161
taller,1,0,1102
fly,5,5,877
lie,5,4,852
run,6,5,657
watch,1,0,608
play,1,0,556
above,2,9,434
ride,1,0,420
beneath,3,8,379
follow,1,0,294
jump,6,5,226
touch,1,0,179
creep,5,5,176
swim,4,3,175
faster,1,0,89
chase,1,0,83
past,2,5,54
toward,2,5,12
fall,1,0,4
off,1,0,4
away,0,7,0
bite,0,1,0
drive,0,1,0
feed,0,1,0
fight,0,1,0
hold,0,1,0
inside,0,3,0
kick,0,1,0
pull,0,1,0
