subset,subset_split,superset,superset_split,attributes_only_in_superset
above,novel,creep_above,novel,locomotion=creep;subject_state=moving
above,novel,fly_above,base,locomotion=fly;subject_state=moving
above,novel,jump_above,novel,locomotion=jump;subject_state=moving
above,novel,lie_above,novel,locomotion=none;posture=lie;subject_state=stationary
above,novel,move_above,novel,subject_state=moving
above,novel,run_above,novel,locomotion=run;subject_state=moving
above,novel,sit_above,base,locomotion=none;posture=sit;subject_state=stationary
above,novel,stand_above,novel,locomotion=none;posture=stand;subject_state=stationary
above,novel,stop_above,novel,state_change=halt
above,novel,walk_above,novel,locomotion=walk;subject_state=moving
away,novel,creep_away,novel,locomotion=creep;subject_state=moving
away,novel,fly_away,novel,locomotion=fly;subject_state=moving
away,novel,jump_away,novel,locomotion=jump;subject_state=moving
away,novel,move_away,novel,subject_state=moving
away,novel,run_away,novel,locomotion=run;subject_state=moving
away,novel,walk_away,novel,locomotion=walk;subject_state=moving
behind,base,creep_behind,base,locomotion=creep;subject_state=moving
behind,base,fly_behind,novel,locomotion=fly;subject_state=moving
behind,base,jump_behind,novel,locomotion=jump;subject_state=moving
behind,base,lie_behind,base,locomotion=none;posture=lie;subject_state=stationary
behind,base,move_behind,base,subject_state=moving
behind,base,run_behind,base,locomotion=run;subject_state=moving
behind,base,sit_behind,novel,locomotion=none;posture=sit;subject_state=stationary
behind,base,stand_behind,base,locomotion=none;posture=stand;subject_state=stationary
behind,base,stop_behind,base,state_change=halt
behind,base,swim_behind,novel,locomotion=swim;subject_state=moving
behind,base,walk_behind,base,locomotion=walk;subject_state=moving
beneath,novel,creep_beneath,base,locomotion=creep;subject_state=moving
beneath,novel,jump_beneath,base,locomotion=jump;subject_state=moving
beneath,novel,lie_beneath,novel,locomotion=none;posture=lie;subject_state=stationary
beneath,novel,move_beneath,base,subject_state=moving
beneath,novel,run_beneath,novel,locomotion=run;subject_state=moving
beneath,novel,sit_beneath,novel,locomotion=none;posture=sit;subject_state=stationary
beneath,novel,stand_beneath,novel,locomotion=none;posture=stand;subject_state=stationary
beneath,novel,stop_beneath,novel,state_change=halt
beneath,novel,swim_beneath,novel,locomotion=swim;subject_state=moving
beneath,novel,walk_beneath,novel,locomotion=walk;subject_state=moving
chase,base,creep_above,novel,locomotion=creep;vertical=above
chase,base,creep_away,novel,locomotion=creep;relative_motion=recede
chase,base,creep_behind,base,depth=behind;locomotion=creep
chase,base,creep_beneath,base,locomotion=creep;vertical=beneath
chase,base,creep_front,base,depth=front;locomotion=creep
chase,base,creep_left,base,horizontal=left;locomotion=creep
chase,base,creep_next_to,novel,locomotion=creep;proximity=adjacent
chase,base,creep_past,novel,locomotion=creep;relative_motion=pass
chase,base,creep_right,base,horizontal=right;locomotion=creep
chase,base,creep_toward,novel,locomotion=creep;relative_motion=approach
chase,base,faster,base,comparative=faster
chase,base,fly_above,base,locomotion=fly;vertical=above
chase,base,fly_away,novel,locomotion=fly;relative_motion=recede
chase,base,fly_behind,novel,depth=behind;locomotion=fly
chase,base,fly_front,novel,depth=front;locomotion=fly
chase,base,fly_left,novel,horizontal=left;locomotion=fly
chase,base,fly_next_to,base,locomotion=fly;proximity=adjacent
chase,base,fly_past,base,locomotion=fly;relative_motion=pass
chase,base,fly_right,novel,horizontal=right;locomotion=fly
chase,base,fly_toward,base,locomotion=fly;relative_motion=approach
chase,base,fly_with,base,locomotion=fly;object_state=moving;relative_motion=co_move
chase,base,jump_above,novel,locomotion=jump;vertical=above
chase,base,jump_away,novel,locomotion=jump;relative_motion=recede
chase,base,jump_behind,novel,depth=behind;locomotion=jump
chase,base,jump_beneath,base,locomotion=jump;vertical=beneath
chase,base,jump_front,base,depth=front;locomotion=jump
chase,base,jump_left,base,horizontal=left;locomotion=jump
chase,base,jump_next_to,base,locomotion=jump;proximity=adjacent
chase,base,jump_past,novel,locomotion=jump;relative_motion=pass
chase,base,jump_right,base,horizontal=right;locomotion=jump
chase,base,jump_toward,base,locomotion=jump;relative_motion=approach
chase,base,jump_with,novel,locomotion=jump;object_state=moving;relative_motion=co_move
chase,base,move_above,novel,vertical=above
chase,base,move_away,novel,relative_motion=recede
chase,base,move_behind,base,depth=behind
chase,base,move_beneath,base,vertical=beneath
chase,base,move_front,base,depth=front
chase,base,move_left,base,horizontal=left
chase,base,move_next_to,novel,proximity=adjacent
chase,base,move_past,novel,relative_motion=pass
chase,base,move_right,base,horizontal=right
chase,base,move_toward,novel,relative_motion=approach
chase,base,move_with,base,object_state=moving;relative_motion=co_move
chase,base,run_above,novel,locomotion=run;vertical=above
chase,base,run_away,novel,locomotion=run;relative_motion=recede
chase,base,run_behind,base,depth=behind;locomotion=run
chase,base,run_beneath,novel,locomotion=run;vertical=beneath
chase,base,run_front,base,depth=front;locomotion=run
chase,base,run_left,base,horizontal=left;locomotion=run
chase,base,run_next_to,novel,locomotion=run;proximity=adjacent
chase,base,run_past,base,locomotion=run;relative_motion=pass
chase,base,run_right,base,horizontal=right;locomotion=run
chase,base,run_toward,novel,locomotion=run;relative_motion=approach
chase,base,run_with,base,locomotion=run;object_state=moving;relative_motion=co_move
chase,base,swim_behind,novel,depth=behind;locomotion=swim
chase,base,swim_beneath,novel,locomotion=swim;vertical=beneath
chase,base,swim_front,base,depth=front;locomotion=swim
chase,base,swim_left,base,horizontal=left;locomotion=swim
chase,base,swim_next_to,novel,locomotion=swim;proximity=adjacent
chase,base,swim_right,base,horizontal=right;locomotion=swim
chase,base,swim_with,base,locomotion=swim;object_state=moving;relative_motion=co_move
chase,base,walk_above,novel,locomotion=walk;vertical=above
chase,base,walk_away,novel,locomotion=walk;relative_motion=recede
chase,base,walk_behind,base,depth=behind;locomotion=walk
chase,base,walk_beneath,novel,locomotion=walk;vertical=beneath
chase,base,walk_front,base,depth=front;locomotion=walk
chase,base,walk_left,base,horizontal=left;locomotion=walk
chase,base,walk_next_to,base,locomotion=walk;proximity=adjacent
chase,base,walk_past,novel,locomotion=walk;relative_motion=pass
chase,base,walk_right,base,horizontal=right;locomotion=walk
chase,base,walk_toward,novel,locomotion=walk;relative_motion=approach
chase,base,walk_with,base,locomotion=walk;object_state=moving;relative_motion=co_move
fall_off,base,creep_above,novel,locomotion=creep;vertical=above
fall_off,base,creep_away,novel,locomotion=creep;relative_motion=recede
fall_off,base,creep_behind,base,depth=behind;locomotion=creep
fall_off,base,creep_beneath,base,locomotion=creep;vertical=beneath
fall_off,base,creep_front,base,depth=front;locomotion=creep
fall_off,base,creep_left,base,horizontal=left;locomotion=creep
fall_off,base,creep_next_to,novel,locomotion=creep;proximity=adjacent
fall_off,base,creep_past,novel,locomotion=creep;relative_motion=pass
fall_off,base,creep_right,base,horizontal=right;locomotion=creep
fall_off,base,creep_toward,novel,locomotion=creep;relative_motion=approach
fall_off,base,faster,base,comparative=faster
fall_off,base,fly_above,base,locomotion=fly;vertical=above
fall_off,base,fly_away,novel,locomotion=fly;relative_motion=recede
fall_off,base,fly_behind,novel,depth=behind;locomotion=fly
fall_off,base,fly_front,novel,depth=front;locomotion=fly
fall_off,base,fly_left,novel,horizontal=left;locomotion=fly
fall_off,base,fly_next_to,base,locomotion=fly;proximity=adjacent
fall_off,base,fly_past,base,locomotion=fly;relative_motion=pass
fall_off,base,fly_right,novel,horizontal=right;locomotion=fly
fall_off,base,fly_toward,base,locomotion=fly;relative_motion=approach
fall_off,base,fly_with,base,locomotion=fly;object_state=moving;relative_motion=co_move
fall_off,base,jump_above,novel,locomotion=jump;vertical=above
fall_off,base,jump_away,novel,locomotion=jump;relative_motion=recede
fall_off,base,jump_behind,novel,depth=behind;locomotion=jump
fall_off,base,jump_beneath,base,locomotion=jump;vertical=beneath
fall_off,base,jump_front,base,depth=front;locomotion=jump
fall_off,base,jump_left,base,horizontal=left;locomotion=jump
fall_off,base,jump_next_to,base,locomotion=jump;proximity=adjacent
fall_off,base,jump_past,novel,locomotion=jump;relative_motion=pass
fall_off,base,jump_right,base,horizontal=right;locomotion=jump
fall_off,base,jump_toward,base,locomotion=jump;relative_motion=approach
fall_off,base,jump_with,novel,locomotion=jump;object_state=moving;relative_motion=co_move
fall_off,base,move_above,novel,vertical=above
fall_off,base,move_away,novel,relative_motion=recede
fall_off,base,move_behind,base,depth=behind
fall_off,base,move_beneath,base,vertical=beneath
fall_off,base,move_front,base,depth=front
fall_off,base,move_left,base,horizontal=left
fall_off,base,move_next_to,novel,proximity=adjacent
fall_off,base,move_past,novel,relative_motion=pass
fall_off,base,move_right,base,horizontal=right
fall_off,base,move_toward,novel,relative_motion=approach
fall_off,base,move_with,base,object_state=moving;relative_motion=co_move
fall_off,base,run_above,novel,locomotion=run;vertical=above
fall_off,base,run_away,novel,locomotion=run;relative_motion=recede
fall_off,base,run_behind,base,depth=behind;locomotion=run
fall_off,base,run_beneath,novel,locomotion=run;vertical=beneath
fall_off,base,run_front,base,depth=front;locomotion=run
fall_off,base,run_left,base,horizontal=left;locomotion=run
fall_off,base,run_next_to,novel,locomotion=run;proximity=adjacent
fall_off,base,run_past,base,locomotion=run;relative_motion=pass
fall_off,base,run_right,base,horizontal=right;locomotion=run
fall_off,base,run_toward,novel,locomotion=run;relative_motion=approach
fall_off,base,run_with,base,locomotion=run;object_state=moving;relative_motion=co_move
fall_off,base,swim_behind,novel,depth=behind;locomotion=swim
fall_off,base,swim_beneath,novel,locomotion=swim;vertical=beneath
fall_off,base,swim_front,base,depth=front;locomotion=swim
fall_off,base,swim_left,base,horizontal=left;locomotion=swim
fall_off,base,swim_next_to,novel,locomotion=swim;proximity=adjacent
fall_off,base,swim_right,base,horizontal=right;locomotion=swim
fall_off,base,swim_with,base,locomotion=swim;object_state=moving;relative_motion=co_move
fall_off,base,walk_above,novel,locomotion=walk;vertical=above
fall_off,base,walk_away,novel,locomotion=walk;relative_motion=recede
fall_off,base,walk_behind,base,depth=behind;locomotion=walk
fall_off,base,walk_beneath,novel,locomotion=walk;vertical=beneath
fall_off,base,walk_front,base,depth=front;locomotion=walk
fall_off,base,walk_left,base,horizontal=left;locomotion=walk
fall_off,base,walk_next_to,base,locomotion=walk;proximity=adjacent
fall_off,base,walk_past,novel,locomotion=walk;relative_motion=pass
fall_off,base,walk_right,base,horizontal=right;locomotion=walk
fall_off,base,walk_toward,novel,locomotion=walk;relative_motion=approach
fall_off,base,walk_with,base,locomotion=walk;object_state=moving;relative_motion=co_move
follow,base,creep_above,novel,locomotion=creep;vertical=above
follow,base,creep_away,novel,locomotion=creep;relative_motion=recede
follow,base,creep_behind,base,depth=behind;locomotion=creep
follow,base,creep_beneath,base,locomotion=creep;vertical=beneath
follow,base,creep_front,base,depth=front;locomotion=creep
follow,base,creep_left,base,horizontal=left;locomotion=creep
follow,base,creep_next_to,novel,locomotion=creep;proximity=adjacent
follow,base,creep_past,novel,locomotion=creep;relative_motion=pass
follow,base,creep_right,base,horizontal=right;locomotion=creep
follow,base,creep_toward,novel,locomotion=creep;relative_motion=approach
follow,base,faster,base,comparative=faster
follow,base,fly_above,base,locomotion=fly;vertical=above
follow,base,fly_away,novel,locomotion=fly;relative_motion=recede
follow,base,fly_behind,novel,depth=behind;locomotion=fly
follow,base,fly_front,novel,depth=front;locomotion=fly
follow,base,fly_left,novel,horizontal=left;locomotion=fly
follow,base,fly_next_to,base,locomotion=fly;proximity=adjacent
follow,base,fly_past,base,locomotion=fly;relative_motion=pass
follow,base,fly_right,novel,horizontal=right;locomotion=fly
follow,base,fly_toward,base,locomotion=fly;relative_motion=approach
follow,base,fly_with,base,locomotion=fly;object_state=moving;relative_motion=co_move
follow,base,jump_above,novel,locomotion=jump;vertical=above
follow,base,jump_away,novel,locomotion=jump;relative_motion=recede
follow,base,jump_behind,novel,depth=behind;locomotion=jump
follow,base,jump_beneath,base,locomotion=jump;vertical=beneath
follow,base,jump_front,base,depth=front;locomotion=jump
follow,base,jump_left,base,horizontal=left;locomotion=jump
follow,base,jump_next_to,base,locomotion=jump;proximity=adjacent
follow,base,jump_past,novel,locomotion=jump;relative_motion=pass
follow,base,jump_right,base,horizontal=right;locomotion=jump
follow,base,jump_toward,base,locomotion=jump;relative_motion=approach
follow,base,jump_with,novel,locomotion=jump;object_state=moving;relative_motion=co_move
follow,base,move_above,novel,vertical=above
follow,base,move_away,novel,relative_motion=recede
follow,base,move_behind,base,depth=behind
follow,base,move_beneath,base,vertical=beneath
follow,base,move_front,base,depth=front
follow,base,move_left,base,horizontal=left
follow,base,move_next_to,novel,proximity=adjacent
follow,base,move_past,novel,relative_motion=pass
follow,base,move_right,base,horizontal=right
follow,base,move_toward,novel,relative_motion=approach
follow,base,move_with,base,object_state=moving;relative_motion=co_move
follow,base,run_above,novel,locomotion=run;vertical=above
follow,base,run_away,novel,locomotion=run;relative_motion=recede
follow,base,run_behind,base,depth=behind;locomotion=run
follow,base,run_beneath,novel,locomotion=run;vertical=beneath
follow,base,run_front,base,depth=front;locomotion=run
follow,base,run_left,base,horizontal=left;locomotion=run
follow,base,run_next_to,novel,locomotion=run;proximity=adjacent
follow,base,run_past,base,locomotion=run;relative_motion=pass
follow,base,run_right,base,horizontal=right;locomotion=run
follow,base,run_toward,novel,locomotion=run;relative_motion=approach
follow,base,run_with,base,locomotion=run;object_state=moving;relative_motion=co_move
follow,base,swim_behind,novel,depth=behind;locomotion=swim
follow,base,swim_beneath,novel,locomotion=swim;vertical=beneath
follow,base,swim_front,base,depth=front;locomotion=swim
follow,base,swim_left,base,horizontal=left;locomotion=swim
follow,base,swim_next_to,novel,locomotion=swim;proximity=adjacent
follow,base,swim_right,base,horizontal=right;locomotion=swim
follow,base,swim_with,base,locomotion=swim;object_state=moving;relative_motion=co_move
follow,base,walk_above,novel,locomotion=walk;vertical=above
follow,base,walk_away,novel,locomotion=walk;relative_motion=recede
follow,base,walk_behind,base,depth=behind;locomotion=walk
follow,base,walk_beneath,novel,locomotion=walk;vertical=beneath
follow,base,walk_front,base,depth=front;locomotion=walk
follow,base,walk_left,base,horizontal=left;locomotion=walk
follow,base,walk_next_to,base,locomotion=walk;proximity=adjacent
follow,base,walk_past,novel,locomotion=walk;relative_motion=pass
follow,base,walk_right,base,horizontal=right;locomotion=walk
follow,base,walk_toward,novel,locomotion=walk;relative_motion=approach
follow,base,walk_with,base,locomotion=walk;object_state=moving;relative_motion=co_move
front,base,creep_front,base,locomotion=creep;subject_state=moving
front,base,fly_front,novel,locomotion=fly;subject_state=moving
front,base,jump_front,base,locomotion=jump;subject_state=moving
front,base,lie_front,base,locomotion=none;posture=lie;subject_state=stationary
front,base,move_front,base,subject_state=moving
front,base,run_front,base,locomotion=run;subject_state=moving
front,base,sit_front,base,locomotion=none;posture=sit;subject_state=stationary
front,base,stand_front,base,locomotion=none;posture=stand;subject_state=stationary
front,base,stop_front,base,state_change=halt
front,base,swim_front,base,locomotion=swim;subject_state=moving
front,base,walk_front,base,locomotion=walk;subject_state=moving
left,base,creep_left,base,locomotion=creep;subject_state=moving
left,base,fly_left,novel,locomotion=fly;subject_state=moving
left,base,jump_left,base,locomotion=jump;subject_state=moving
left,base,lie_left,base,locomotion=none;posture=lie;subject_state=stationary
left,base,move_left,base,subject_state=moving
left,base,run_left,base,locomotion=run;subject_state=moving
left,base,sit_left,base,locomotion=none;posture=sit;subject_state=stationary
left,base,stand_left,base,locomotion=none;posture=stand;subject_state=stationary
left,base,stop_left,base,state_change=halt
left,base,swim_left,base,locomotion=swim;subject_state=moving
left,base,walk_left,base,locomotion=walk;subject_state=moving
lie_with,novel,lie_above,novel,vertical=above
lie_with,novel,lie_behind,base,depth=behind
lie_with,novel,lie_beneath,novel,vertical=beneath
lie_with,novel,lie_front,base,depth=front
lie_with,novel,lie_inside,novel,proximity=overlapping
lie_with,novel,lie_left,base,horizontal=left
lie_with,novel,lie_next_to,base,proximity=adjacent
lie_with,novel,lie_right,base,horizontal=right
move_above,novel,creep_above,novel,locomotion=creep
move_above,novel,fly_above,base,locomotion=fly
move_above,novel,jump_above,novel,locomotion=jump
move_above,novel,run_above,novel,locomotion=run
move_above,novel,walk_above,novel,locomotion=walk
move_away,novel,creep_away,novel,locomotion=creep
move_away,novel,fly_away,novel,locomotion=fly
move_away,novel,jump_away,novel,locomotion=jump
move_away,novel,run_away,novel,locomotion=run
move_away,novel,walk_away,novel,locomotion=walk
move_behind,base,creep_behind,base,locomotion=creep
move_behind,base,fly_behind,novel,locomotion=fly
move_behind,base,jump_behind,novel,locomotion=jump
move_behind,base,run_behind,base,locomotion=run
move_behind,base,swim_behind,novel,locomotion=swim
move_behind,base,walk_behind,base,locomotion=walk
move_beneath,base,creep_beneath,base,locomotion=creep
move_beneath,base,jump_beneath,base,locomotion=jump
move_beneath,base,run_beneath,novel,locomotion=run
move_beneath,base,swim_beneath,novel,locomotion=swim
move_beneath,base,walk_beneath,novel,locomotion=walk
move_front,base,creep_front,base,locomotion=creep
move_front,base,fly_front,novel,locomotion=fly
move_front,base,jump_front,base,locomotion=jump
move_front,base,run_front,base,locomotion=run
move_front,base,swim_front,base,locomotion=swim
move_front,base,walk_front,base,locomotion=walk
move_left,base,creep_left,base,locomotion=creep
move_left,base,fly_left,novel,locomotion=fly
move_left,base,jump_left,base,locomotion=jump
move_left,base,run_left,base,locomotion=run
move_left,base,swim_left,base,locomotion=swim
move_left,base,walk_left,base,locomotion=walk
move_next_to,novel,creep_next_to,novel,locomotion=creep
move_next_to,novel,fly_next_to,base,locomotion=fly
move_next_to,novel,jump_next_to,base,locomotion=jump
move_next_to,novel,run_next_to,novel,locomotion=run
move_next_to,novel,swim_next_to,novel,locomotion=swim
move_next_to,novel,walk_next_to,base,locomotion=walk
move_past,novel,creep_past,novel,locomotion=creep
move_past,novel,fly_past,base,locomotion=fly
move_past,novel,jump_past,novel,locomotion=jump
move_past,novel,run_past,base,locomotion=run
move_past,novel,walk_past,novel,locomotion=walk
move_right,base,creep_right,base,locomotion=creep
move_right,base,fly_right,novel,locomotion=fly
move_right,base,jump_right,base,locomotion=jump
move_right,base,run_right,base,locomotion=run
move_right,base,swim_right,base,locomotion=swim
move_right,base,walk_right,base,locomotion=walk
move_toward,novel,creep_toward,novel,locomotion=creep
move_toward,novel,fly_toward,base,locomotion=fly
move_toward,novel,jump_toward,base,locomotion=jump
move_toward,novel,run_toward,novel,locomotion=run
move_toward,novel,walk_toward,novel,locomotion=walk
move_with,base,fly_with,base,locomotion=fly
move_with,base,jump_with,novel,locomotion=jump
move_with,base,run_with,base,locomotion=run
move_with,base,swim_with,base,locomotion=swim
move_with,base,walk_with,base,locomotion=walk
next_to,base,creep_next_to,novel,locomotion=creep;subject_state=moving
next_to,base,fly_next_to,base,locomotion=fly;subject_state=moving
next_to,base,jump_next_to,base,locomotion=jump;subject_state=moving
next_to,base,lie_next_to,base,locomotion=none;posture=lie;subject_state=stationary
next_to,base,move_next_to,novel,subject_state=moving
next_to,base,run_next_to,novel,locomotion=run;subject_state=moving
next_to,base,sit_next_to,novel,locomotion=none;posture=sit;subject_state=stationary
next_to,base,stand_next_to,base,locomotion=none;posture=stand;subject_state=stationary
next_to,base,stop_next_to,novel,state_change=halt
next_to,base,swim_next_to,novel,locomotion=swim;subject_state=moving
next_to,base,walk_next_to,base,locomotion=walk;subject_state=moving
past,novel,creep_past,novel,locomotion=creep;subject_state=moving
past,novel,fly_past,base,locomotion=fly;subject_state=moving
past,novel,jump_past,novel,locomotion=jump;subject_state=moving
past,novel,move_past,novel,subject_state=moving
past,novel,run_past,base,locomotion=run;subject_state=moving
past,novel,walk_past,novel,locomotion=walk;subject_state=moving
right,base,creep_right,base,locomotion=creep;subject_state=moving
right,base,fly_right,novel,locomotion=fly;subject_state=moving
right,base,jump_right,base,locomotion=jump;subject_state=moving
right,base,lie_right,base,locomotion=none;posture=lie;subject_state=stationary
right,base,move_right,base,subject_state=moving
right,base,run_right,base,locomotion=run;subject_state=moving
right,base,sit_right,base,locomotion=none;posture=sit;subject_state=stationary
right,base,stand_right,base,locomotion=none;posture=stand;subject_state=stationary
right,base,stop_right,base,state_change=halt
right,base,swim_right,base,locomotion=swim;subject_state=moving
right,base,walk_right,base,locomotion=walk;subject_state=moving
stand_with,novel,stand_above,novel,vertical=above
stand_with,novel,stand_behind,base,depth=behind
stand_with,novel,stand_beneath,novel,vertical=beneath
stand_with,novel,stand_front,base,depth=front
stand_with,novel,stand_inside,novel,proximity=overlapping
stand_with,novel,stand_left,base,horizontal=left
stand_with,novel,stand_next_to,base,proximity=adjacent
stand_with,novel,stand_right,base,horizontal=right
stop_with,novel,stop_above,novel,vertical=above
stop_with,novel,stop_behind,base,depth=behind
stop_with,novel,stop_beneath,novel,vertical=beneath
stop_with,novel,stop_front,base,depth=front
stop_with,novel,stop_left,base,horizontal=left
stop_with,novel,stop_next_to,novel,proximity=adjacent
stop_with,novel,stop_right,base,horizontal=right
toward,novel,creep_toward,novel,locomotion=creep;subject_state=moving
toward,novel,fly_toward,base,locomotion=fly;subject_state=moving
toward,novel,jump_toward,base,locomotion=jump;subject_state=moving
toward,novel,move_toward,novel,subject_state=moving
toward,novel,run_toward,novel,locomotion=run;subject_state=moving
toward,novel,walk_toward,novel,locomotion=walk;subject_state=moving
