subset,subset_split,superset,superset_split,attributes_only_in_superset,new_vs_v3
above,novel,creep_above,novel,locomotion=creep;subject_state=moving,False
above,novel,fly_above,base,locomotion=fly;subject_state=moving,False
above,novel,jump_above,novel,locomotion=jump;subject_state=moving,False
above,novel,lie_above,novel,locomotion=none;posture=lie;subject_state=stationary,False
above,novel,move_above,novel,subject_state=moving,False
above,novel,run_above,novel,locomotion=run;subject_state=moving,False
above,novel,sit_above,base,locomotion=none;posture=sit;subject_state=stationary,False
above,novel,stand_above,novel,locomotion=none;posture=stand;subject_state=stationary,False
above,novel,stop_above,novel,locomotion=none;subject_kind=vehicle;subject_state=stationary,False
above,novel,walk_above,novel,locomotion=walk;subject_state=moving,False
away,novel,creep_away,novel,locomotion=creep;subject_state=moving,False
away,novel,fly_away,novel,locomotion=fly;subject_state=moving,False
away,novel,jump_away,novel,locomotion=jump;subject_state=moving,False
away,novel,move_away,novel,subject_state=moving,False
away,novel,run_away,novel,locomotion=run;subject_state=moving,False
away,novel,walk_away,novel,locomotion=walk;subject_state=moving,False
behind,base,creep_behind,base,locomotion=creep;subject_state=moving,False
behind,base,fly_behind,novel,locomotion=fly;subject_state=moving,False
behind,base,jump_behind,novel,locomotion=jump;subject_state=moving,False
behind,base,lie_behind,base,locomotion=none;posture=lie;subject_state=stationary,False
behind,base,move_behind,base,subject_state=moving,False
behind,base,run_behind,base,locomotion=run;subject_state=moving,False
behind,base,sit_behind,novel,locomotion=none;posture=sit;subject_state=stationary,False
behind,base,stand_behind,base,locomotion=none;posture=stand;subject_state=stationary,False
behind,base,stop_behind,base,locomotion=none;subject_kind=vehicle;subject_state=stationary,False
behind,base,swim_behind,novel,locomotion=swim;subject_state=moving,False
behind,base,walk_behind,base,locomotion=walk;subject_state=moving,False
beneath,novel,creep_beneath,base,locomotion=creep;subject_state=moving,False
beneath,novel,jump_beneath,base,locomotion=jump;subject_state=moving,False
beneath,novel,lie_beneath,novel,locomotion=none;posture=lie;subject_state=stationary,False
beneath,novel,move_beneath,base,subject_state=moving,False
beneath,novel,run_beneath,novel,locomotion=run;subject_state=moving,False
beneath,novel,sit_beneath,novel,locomotion=none;posture=sit;subject_state=stationary,False
beneath,novel,stand_beneath,novel,locomotion=none;posture=stand;subject_state=stationary,False
beneath,novel,stop_beneath,novel,locomotion=none;subject_kind=vehicle;subject_state=stationary,False
beneath,novel,swim_beneath,novel,locomotion=swim;subject_state=moving,False
beneath,novel,walk_beneath,novel,locomotion=walk;subject_state=moving,False
chase,base,creep_above,novel,locomotion=creep;vertical=above,False
chase,base,creep_away,novel,locomotion=creep;relative_motion=recede,False
chase,base,creep_behind,base,depth=behind;locomotion=creep,False
chase,base,creep_beneath,base,locomotion=creep;vertical=beneath,False
chase,base,creep_front,base,depth=front;locomotion=creep,False
chase,base,creep_left,base,horizontal=left;locomotion=creep,False
chase,base,creep_next_to,novel,locomotion=creep;proximity=adjacent,False
chase,base,creep_past,novel,locomotion=creep;relative_motion=pass,False
chase,base,creep_right,base,horizontal=right;locomotion=creep,False
chase,base,creep_toward,novel,locomotion=creep;relative_motion=approach,False
chase,base,faster,base,comparative=faster,False
chase,base,fly_above,base,locomotion=fly;vertical=above,False
chase,base,fly_away,novel,locomotion=fly;relative_motion=recede,False
chase,base,fly_behind,novel,depth=behind;locomotion=fly,False
chase,base,fly_front,novel,depth=front;locomotion=fly,False
chase,base,fly_left,novel,horizontal=left;locomotion=fly,False
chase,base,fly_next_to,base,locomotion=fly;proximity=adjacent,False
chase,base,fly_past,base,locomotion=fly;relative_motion=pass,False
chase,base,fly_right,novel,horizontal=right;locomotion=fly,False
chase,base,fly_toward,base,locomotion=fly;relative_motion=approach,False
chase,base,fly_with,base,locomotion=fly;object_state=moving;relative_motion=co_move,False
chase,base,jump_above,novel,locomotion=jump;vertical=above,False
chase,base,jump_away,novel,locomotion=jump;relative_motion=recede,False
chase,base,jump_behind,novel,depth=behind;locomotion=jump,False
chase,base,jump_beneath,base,locomotion=jump;vertical=beneath,False
chase,base,jump_front,base,depth=front;locomotion=jump,False
chase,base,jump_left,base,horizontal=left;locomotion=jump,False
chase,base,jump_next_to,base,locomotion=jump;proximity=adjacent,False
chase,base,jump_past,novel,locomotion=jump;relative_motion=pass,False
chase,base,jump_right,base,horizontal=right;locomotion=jump,False
chase,base,jump_toward,base,locomotion=jump;relative_motion=approach,False
chase,base,jump_with,novel,locomotion=jump;object_state=moving;relative_motion=co_move,False
chase,base,move_above,novel,vertical=above,False
chase,base,move_away,novel,relative_motion=recede,False
chase,base,move_behind,base,depth=behind,False
chase,base,move_beneath,base,vertical=beneath,False
chase,base,move_front,base,depth=front,False
chase,base,move_left,base,horizontal=left,False
chase,base,move_next_to,novel,proximity=adjacent,False
chase,base,move_past,novel,relative_motion=pass,False
chase,base,move_right,base,horizontal=right,False
chase,base,move_toward,novel,relative_motion=approach,False
chase,base,move_with,base,object_state=moving;relative_motion=co_move,False
chase,base,run_above,novel,locomotion=run;vertical=above,False
chase,base,run_away,novel,locomotion=run;relative_motion=recede,False
chase,base,run_behind,base,depth=behind;locomotion=run,False
chase,base,run_beneath,novel,locomotion=run;vertical=beneath,False
chase,base,run_front,base,depth=front;locomotion=run,False
chase,base,run_left,base,horizontal=left;locomotion=run,False
chase,base,run_next_to,novel,locomotion=run;proximity=adjacent,False
chase,base,run_past,base,locomotion=run;relative_motion=pass,False
chase,base,run_right,base,horizontal=right;locomotion=run,False
chase,base,run_toward,novel,locomotion=run;relative_motion=approach,False
chase,base,run_with,base,locomotion=run;object_state=moving;relative_motion=co_move,False
chase,base,swim_behind,novel,depth=behind;locomotion=swim,False
chase,base,swim_beneath,novel,locomotion=swim;vertical=beneath,False
chase,base,swim_front,base,depth=front;locomotion=swim,False
chase,base,swim_left,base,horizontal=left;locomotion=swim,False
chase,base,swim_next_to,novel,locomotion=swim;proximity=adjacent,False
chase,base,swim_right,base,horizontal=right;locomotion=swim,False
chase,base,swim_with,base,locomotion=swim;object_state=moving;relative_motion=co_move,False
chase,base,walk_above,novel,locomotion=walk;vertical=above,False
chase,base,walk_away,novel,locomotion=walk;relative_motion=recede,False
chase,base,walk_behind,base,depth=behind;locomotion=walk,False
chase,base,walk_beneath,novel,locomotion=walk;vertical=beneath,False
chase,base,walk_front,base,depth=front;locomotion=walk,False
chase,base,walk_left,base,horizontal=left;locomotion=walk,False
chase,base,walk_next_to,base,locomotion=walk;proximity=adjacent,False
chase,base,walk_past,novel,locomotion=walk;relative_motion=pass,False
chase,base,walk_right,base,horizontal=right;locomotion=walk,False
chase,base,walk_toward,novel,locomotion=walk;relative_motion=approach,False
chase,base,walk_with,base,locomotion=walk;object_state=moving;relative_motion=co_move,False
fall_off,base,creep_above,novel,locomotion=creep;vertical=above,False
fall_off,base,creep_away,novel,locomotion=creep;relative_motion=recede,False
fall_off,base,creep_behind,base,depth=behind;locomotion=creep,False
fall_off,base,creep_beneath,base,locomotion=creep;vertical=beneath,False
fall_off,base,creep_front,base,depth=front;locomotion=creep,False
fall_off,base,creep_left,base,horizontal=left;locomotion=creep,False
fall_off,base,creep_next_to,novel,locomotion=creep;proximity=adjacent,False
fall_off,base,creep_past,novel,locomotion=creep;relative_motion=pass,False
fall_off,base,creep_right,base,horizontal=right;locomotion=creep,False
fall_off,base,creep_toward,novel,locomotion=creep;relative_motion=approach,False
fall_off,base,faster,base,comparative=faster,False
fall_off,base,fly_above,base,locomotion=fly;vertical=above,False
fall_off,base,fly_away,novel,locomotion=fly;relative_motion=recede,False
fall_off,base,fly_behind,novel,depth=behind;locomotion=fly,False
fall_off,base,fly_front,novel,depth=front;locomotion=fly,False
fall_off,base,fly_left,novel,horizontal=left;locomotion=fly,False
fall_off,base,fly_next_to,base,locomotion=fly;proximity=adjacent,False
fall_off,base,fly_past,base,locomotion=fly;relative_motion=pass,False
fall_off,base,fly_right,novel,horizontal=right;locomotion=fly,False
fall_off,base,fly_toward,base,locomotion=fly;relative_motion=approach,False
fall_off,base,fly_with,base,locomotion=fly;object_state=moving;relative_motion=co_move,False
fall_off,base,jump_above,novel,locomotion=jump;vertical=above,False
fall_off,base,jump_away,novel,locomotion=jump;relative_motion=recede,False
fall_off,base,jump_behind,novel,depth=behind;locomotion=jump,False
fall_off,base,jump_beneath,base,locomotion=jump;vertical=beneath,False
fall_off,base,jump_front,base,depth=front;locomotion=jump,False
fall_off,base,jump_left,base,horizontal=left;locomotion=jump,False
fall_off,base,jump_next_to,base,locomotion=jump;proximity=adjacent,False
fall_off,base,jump_past,novel,locomotion=jump;relative_motion=pass,False
fall_off,base,jump_right,base,horizontal=right;locomotion=jump,False
fall_off,base,jump_toward,base,locomotion=jump;relative_motion=approach,False
fall_off,base,jump_with,novel,locomotion=jump;object_state=moving;relative_motion=co_move,False
fall_off,base,move_above,novel,vertical=above,False
fall_off,base,move_away,novel,relative_motion=recede,False
fall_off,base,move_behind,base,depth=behind,False
fall_off,base,move_beneath,base,vertical=beneath,False
fall_off,base,move_front,base,depth=front,False
fall_off,base,move_left,base,horizontal=left,False
fall_off,base,move_next_to,novel,proximity=adjacent,False
fall_off,base,move_past,novel,relative_motion=pass,False
fall_off,base,move_right,base,horizontal=right,False
fall_off,base,move_toward,novel,relative_motion=approach,False
fall_off,base,move_with,base,object_state=moving;relative_motion=co_move,False
fall_off,base,run_above,novel,locomotion=run;vertical=above,False
fall_off,base,run_away,novel,locomotion=run;relative_motion=recede,False
fall_off,base,run_behind,base,depth=behind;locomotion=run,False
fall_off,base,run_beneath,novel,locomotion=run;vertical=beneath,False
fall_off,base,run_front,base,depth=front;locomotion=run,False
fall_off,base,run_left,base,horizontal=left;locomotion=run,False
fall_off,base,run_next_to,novel,locomotion=run;proximity=adjacent,False
fall_off,base,run_past,base,locomotion=run;relative_motion=pass,False
fall_off,base,run_right,base,horizontal=right;locomotion=run,False
fall_off,base,run_toward,novel,locomotion=run;relative_motion=approach,False
fall_off,base,run_with,base,locomotion=run;object_state=moving;relative_motion=co_move,False
fall_off,base,swim_behind,novel,depth=behind;locomotion=swim,False
fall_off,base,swim_beneath,novel,locomotion=swim;vertical=beneath,False
fall_off,base,swim_front,base,depth=front;locomotion=swim,False
fall_off,base,swim_left,base,horizontal=left;locomotion=swim,False
fall_off,base,swim_next_to,novel,locomotion=swim;proximity=adjacent,False
fall_off,base,swim_right,base,horizontal=right;locomotion=swim,False
fall_off,base,swim_with,base,locomotion=swim;object_state=moving;relative_motion=co_move,False
fall_off,base,walk_above,novel,locomotion=walk;vertical=above,False
fall_off,base,walk_away,novel,locomotion=walk;relative_motion=recede,False
fall_off,base,walk_behind,base,depth=behind;locomotion=walk,False
fall_off,base,walk_beneath,novel,locomotion=walk;vertical=beneath,False
fall_off,base,walk_front,base,depth=front;locomotion=walk,False
fall_off,base,walk_left,base,horizontal=left;locomotion=walk,False
fall_off,base,walk_next_to,base,locomotion=walk;proximity=adjacent,False
fall_off,base,walk_past,novel,locomotion=walk;relative_motion=pass,False
fall_off,base,walk_right,base,horizontal=right;locomotion=walk,False
fall_off,base,walk_toward,novel,locomotion=walk;relative_motion=approach,False
fall_off,base,walk_with,base,locomotion=walk;object_state=moving;relative_motion=co_move,False
follow,base,creep_above,novel,locomotion=creep;vertical=above,False
follow,base,creep_away,novel,locomotion=creep;relative_motion=recede,False
follow,base,creep_behind,base,depth=behind;locomotion=creep,False
follow,base,creep_beneath,base,locomotion=creep;vertical=beneath,False
follow,base,creep_front,base,depth=front;locomotion=creep,False
follow,base,creep_left,base,horizontal=left;locomotion=creep,False
follow,base,creep_next_to,novel,locomotion=creep;proximity=adjacent,False
follow,base,creep_past,novel,locomotion=creep;relative_motion=pass,False
follow,base,creep_right,base,horizontal=right;locomotion=creep,False
follow,base,creep_toward,novel,locomotion=creep;relative_motion=approach,False
follow,base,faster,base,comparative=faster,False
follow,base,fly_above,base,locomotion=fly;vertical=above,False
follow,base,fly_away,novel,locomotion=fly;relative_motion=recede,False
follow,base,fly_behind,novel,depth=behind;locomotion=fly,False
follow,base,fly_front,novel,depth=front;locomotion=fly,False
follow,base,fly_left,novel,horizontal=left;locomotion=fly,False
follow,base,fly_next_to,base,locomotion=fly;proximity=adjacent,False
follow,base,fly_past,base,locomotion=fly;relative_motion=pass,False
follow,base,fly_right,novel,horizontal=right;locomotion=fly,False
follow,base,fly_toward,base,locomotion=fly;relative_motion=approach,False
follow,base,fly_with,base,locomotion=fly;object_state=moving;relative_motion=co_move,False
follow,base,jump_above,novel,locomotion=jump;vertical=above,False
follow,base,jump_away,novel,locomotion=jump;relative_motion=recede,False
follow,base,jump_behind,novel,depth=behind;locomotion=jump,False
follow,base,jump_beneath,base,locomotion=jump;vertical=beneath,False
follow,base,jump_front,base,depth=front;locomotion=jump,False
follow,base,jump_left,base,horizontal=left;locomotion=jump,False
follow,base,jump_next_to,base,locomotion=jump;proximity=adjacent,False
follow,base,jump_past,novel,locomotion=jump;relative_motion=pass,False
follow,base,jump_right,base,horizontal=right;locomotion=jump,False
follow,base,jump_toward,base,locomotion=jump;relative_motion=approach,False
follow,base,jump_with,novel,locomotion=jump;object_state=moving;relative_motion=co_move,False
follow,base,move_above,novel,vertical=above,False
follow,base,move_away,novel,relative_motion=recede,False
follow,base,move_behind,base,depth=behind,False
follow,base,move_beneath,base,vertical=beneath,False
follow,base,move_front,base,depth=front,False
follow,base,move_left,base,horizontal=left,False
follow,base,move_next_to,novel,proximity=adjacent,False
follow,base,move_past,novel,relative_motion=pass,False
follow,base,move_right,base,horizontal=right,False
follow,base,move_toward,novel,relative_motion=approach,False
follow,base,move_with,base,object_state=moving;relative_motion=co_move,False
follow,base,run_above,novel,locomotion=run;vertical=above,False
follow,base,run_away,novel,locomotion=run;relative_motion=recede,False
follow,base,run_behind,base,depth=behind;locomotion=run,False
follow,base,run_beneath,novel,locomotion=run;vertical=beneath,False
follow,base,run_front,base,depth=front;locomotion=run,False
follow,base,run_left,base,horizontal=left;locomotion=run,False
follow,base,run_next_to,novel,locomotion=run;proximity=adjacent,False
follow,base,run_past,base,locomotion=run;relative_motion=pass,False
follow,base,run_right,base,horizontal=right;locomotion=run,False
follow,base,run_toward,novel,locomotion=run;relative_motion=approach,False
follow,base,run_with,base,locomotion=run;object_state=moving;relative_motion=co_move,False
follow,base,swim_behind,novel,depth=behind;locomotion=swim,False
follow,base,swim_beneath,novel,locomotion=swim;vertical=beneath,False
follow,base,swim_front,base,depth=front;locomotion=swim,False
follow,base,swim_left,base,horizontal=left;locomotion=swim,False
follow,base,swim_next_to,novel,locomotion=swim;proximity=adjacent,False
follow,base,swim_right,base,horizontal=right;locomotion=swim,False
follow,base,swim_with,base,locomotion=swim;object_state=moving;relative_motion=co_move,False
follow,base,walk_above,novel,locomotion=walk;vertical=above,False
follow,base,walk_away,novel,locomotion=walk;relative_motion=recede,False
follow,base,walk_behind,base,depth=behind;locomotion=walk,False
follow,base,walk_beneath,novel,locomotion=walk;vertical=beneath,False
follow,base,walk_front,base,depth=front;locomotion=walk,False
follow,base,walk_left,base,horizontal=left;locomotion=walk,False
follow,base,walk_next_to,base,locomotion=walk;proximity=adjacent,False
follow,base,walk_past,novel,locomotion=walk;relative_motion=pass,False
follow,base,walk_right,base,horizontal=right;locomotion=walk,False
follow,base,walk_toward,novel,locomotion=walk;relative_motion=approach,False
follow,base,walk_with,base,locomotion=walk;object_state=moving;relative_motion=co_move,False
front,base,creep_front,base,locomotion=creep;subject_state=moving,False
front,base,fly_front,novel,locomotion=fly;subject_state=moving,False
front,base,jump_front,base,locomotion=jump;subject_state=moving,False
front,base,lie_front,base,locomotion=none;posture=lie;subject_state=stationary,False
front,base,move_front,base,subject_state=moving,False
front,base,run_front,base,locomotion=run;subject_state=moving,False
front,base,sit_front,base,locomotion=none;posture=sit;subject_state=stationary,False
front,base,stand_front,base,locomotion=none;posture=stand;subject_state=stationary,False
front,base,stop_front,base,locomotion=none;subject_kind=vehicle;subject_state=stationary,False
front,base,swim_front,base,locomotion=swim;subject_state=moving,False
front,base,walk_front,base,locomotion=walk;subject_state=moving,False
left,base,creep_left,base,locomotion=creep;subject_state=moving,False
left,base,fly_left,novel,locomotion=fly;subject_state=moving,False
left,base,jump_left,base,locomotion=jump;subject_state=moving,False
left,base,lie_left,base,locomotion=none;posture=lie;subject_state=stationary,False
left,base,move_left,base,subject_state=moving,False
left,base,run_left,base,locomotion=run;subject_state=moving,False
left,base,sit_left,base,locomotion=none;posture=sit;subject_state=stationary,False
left,base,stand_left,base,locomotion=none;posture=stand;subject_state=stationary,False
left,base,stop_left,base,locomotion=none;subject_kind=vehicle;subject_state=stationary,False
left,base,swim_left,base,locomotion=swim;subject_state=moving,False
left,base,walk_left,base,locomotion=walk;subject_state=moving,False
lie_with,novel,lie_above,novel,vertical=above,True
lie_with,novel,lie_behind,base,depth=behind,True
lie_with,novel,lie_beneath,novel,vertical=beneath,True
lie_with,novel,lie_front,base,depth=front,True
lie_with,novel,lie_inside,novel,contact=contact;proximity=contained,True
lie_with,novel,lie_left,base,horizontal=left,True
lie_with,novel,lie_next_to,base,proximity=adjacent,True
lie_with,novel,lie_right,base,horizontal=right,True
move_above,novel,creep_above,novel,locomotion=creep,False
move_above,novel,fly_above,base,locomotion=fly,False
move_above,novel,jump_above,novel,locomotion=jump,False
move_above,novel,run_above,novel,locomotion=run,False
move_above,novel,walk_above,novel,locomotion=walk,False
move_away,novel,creep_away,novel,locomotion=creep,False
move_away,novel,fly_away,novel,locomotion=fly,False
move_away,novel,jump_away,novel,locomotion=jump,False
move_away,novel,run_away,novel,locomotion=run,False
move_away,novel,walk_away,novel,locomotion=walk,False
move_behind,base,creep_behind,base,locomotion=creep,False
move_behind,base,fly_behind,novel,locomotion=fly,False
move_behind,base,jump_behind,novel,locomotion=jump,False
move_behind,base,run_behind,base,locomotion=run,False
move_behind,base,swim_behind,novel,locomotion=swim,False
move_behind,base,walk_behind,base,locomotion=walk,False
move_beneath,base,creep_beneath,base,locomotion=creep,False
move_beneath,base,jump_beneath,base,locomotion=jump,False
move_beneath,base,run_beneath,novel,locomotion=run,False
move_beneath,base,swim_beneath,novel,locomotion=swim,False
move_beneath,base,walk_beneath,novel,locomotion=walk,False
move_front,base,creep_front,base,locomotion=creep,False
move_front,base,fly_front,novel,locomotion=fly,False
move_front,base,jump_front,base,locomotion=jump,False
move_front,base,run_front,base,locomotion=run,False
move_front,base,swim_front,base,locomotion=swim,False
move_front,base,walk_front,base,locomotion=walk,False
move_left,base,creep_left,base,locomotion=creep,False
move_left,base,fly_left,novel,locomotion=fly,False
move_left,base,jump_left,base,locomotion=jump,False
move_left,base,run_left,base,locomotion=run,False
move_left,base,swim_left,base,locomotion=swim,False
move_left,base,walk_left,base,locomotion=walk,False
move_next_to,novel,creep_next_to,novel,locomotion=creep,False
move_next_to,novel,fly_next_to,base,locomotion=fly,False
move_next_to,novel,jump_next_to,base,locomotion=jump,False
move_next_to,novel,run_next_to,novel,locomotion=run,False
move_next_to,novel,swim_next_to,novel,locomotion=swim,False
move_next_to,novel,walk_next_to,base,locomotion=walk,False
move_past,novel,creep_past,novel,locomotion=creep,False
move_past,novel,fly_past,base,locomotion=fly,False
move_past,novel,jump_past,novel,locomotion=jump,False
move_past,novel,run_past,base,locomotion=run,False
move_past,novel,walk_past,novel,locomotion=walk,False
move_right,base,creep_right,base,locomotion=creep,False
move_right,base,fly_right,novel,locomotion=fly,False
move_right,base,jump_right,base,locomotion=jump,False
move_right,base,run_right,base,locomotion=run,False
move_right,base,swim_right,base,locomotion=swim,False
move_right,base,walk_right,base,locomotion=walk,False
move_toward,novel,creep_toward,novel,locomotion=creep,False
move_toward,novel,fly_toward,base,locomotion=fly,False
move_toward,novel,jump_toward,base,locomotion=jump,False
move_toward,novel,run_toward,novel,locomotion=run,False
move_toward,novel,walk_toward,novel,locomotion=walk,False
move_with,base,fly_with,base,locomotion=fly,False
move_with,base,jump_with,novel,locomotion=jump,False
move_with,base,run_with,base,locomotion=run,False
move_with,base,swim_with,base,locomotion=swim,False
move_with,base,walk_with,base,locomotion=walk,False
next_to,base,creep_next_to,novel,locomotion=creep;subject_state=moving,False
next_to,base,fly_next_to,base,locomotion=fly;subject_state=moving,False
next_to,base,jump_next_to,base,locomotion=jump;subject_state=moving,False
next_to,base,lie_next_to,base,locomotion=none;posture=lie;subject_state=stationary,False
next_to,base,move_next_to,novel,subject_state=moving,False
next_to,base,run_next_to,novel,locomotion=run;subject_state=moving,False
next_to,base,sit_next_to,novel,locomotion=none;posture=sit;subject_state=stationary,False
next_to,base,stand_next_to,base,locomotion=none;posture=stand;subject_state=stationary,False
next_to,base,stop_next_to,novel,locomotion=none;subject_kind=vehicle;subject_state=stationary,False
next_to,base,swim_next_to,novel,locomotion=swim;subject_state=moving,False
next_to,base,walk_next_to,base,locomotion=walk;subject_state=moving,False
past,novel,creep_past,novel,locomotion=creep;subject_state=moving,False
past,novel,fly_past,base,locomotion=fly;subject_state=moving,False
past,novel,jump_past,novel,locomotion=jump;subject_state=moving,False
past,novel,move_past,novel,subject_state=moving,False
past,novel,run_past,base,locomotion=run;subject_state=moving,False
past,novel,walk_past,novel,locomotion=walk;subject_state=moving,False
pull,novel,drive,novel,proximity=contained,False
right,base,creep_right,base,locomotion=creep;subject_state=moving,False
right,base,fly_right,novel,locomotion=fly;subject_state=moving,False
right,base,jump_right,base,locomotion=jump;subject_state=moving,False
right,base,lie_right,base,locomotion=none;posture=lie;subject_state=stationary,False
right,base,move_right,base,subject_state=moving,False
right,base,run_right,base,locomotion=run;subject_state=moving,False
right,base,sit_right,base,locomotion=none;posture=sit;subject_state=stationary,False
right,base,stand_right,base,locomotion=none;posture=stand;subject_state=stationary,False
right,base,stop_right,base,locomotion=none;subject_kind=vehicle;subject_state=stationary,False
right,base,swim_right,base,locomotion=swim;subject_state=moving,False
right,base,walk_right,base,locomotion=walk;subject_state=moving,False
stand_with,novel,stand_above,novel,vertical=above,True
stand_with,novel,stand_behind,base,depth=behind,True
stand_with,novel,stand_beneath,novel,vertical=beneath,True
stand_with,novel,stand_front,base,depth=front,True
stand_with,novel,stand_inside,novel,contact=contact;proximity=contained,True
stand_with,novel,stand_left,base,horizontal=left,True
stand_with,novel,stand_next_to,base,proximity=adjacent,True
stand_with,novel,stand_right,base,horizontal=right,True
stop_with,novel,stop_above,novel,vertical=above,True
stop_with,novel,stop_behind,base,depth=behind,True
stop_with,novel,stop_beneath,novel,vertical=beneath,True
stop_with,novel,stop_front,base,depth=front,True
stop_with,novel,stop_left,base,horizontal=left,True
stop_with,novel,stop_next_to,novel,proximity=adjacent,True
stop_with,novel,stop_right,base,horizontal=right,True
toward,novel,creep_toward,novel,locomotion=creep;subject_state=moving,False
toward,novel,fly_toward,base,locomotion=fly;subject_state=moving,False
toward,novel,jump_toward,base,locomotion=jump;subject_state=moving,False
toward,novel,move_toward,novel,subject_state=moving,False
toward,novel,run_toward,novel,locomotion=run;subject_state=moving,False
toward,novel,walk_toward,novel,locomotion=walk;subject_state=moving,False
